Workbook

Sheet 1. Level Income (Nguồn)
A1: Toàn bộ Xu kiếm được khi thắng 1 màn lần đầu (computeWinCoins() trong Final Core/index.html). Cột vàng = số liệu thật lấy từ P24M_LEVELS; cột trắng = công thức, tự tính lại khi bạn sửa cột vàng hoặc hằng số ở Sheet 6.
A3: Màn | B3: Tên màn (nội bộ) | C3: Giới hạn lượt (moveLimit) | D3: Số lượt lời giải tối ưu | E3: Xu sàn (floor) | F3: Thưởng lượt dư (best-case) | G3: Thưởng không dùng Booster | H3: Hệ số Chapter-finale (x2 ở màn chia hết 10) | I3: Tổng WORST-CASE | J3: Tổng BEST-CASE | K3: Cộng dồn Worst | L3: Cộng dồn Best
A4: 1 | B4: A Single Spot | C4: 4 | D4: 2 | E4: =ROUND(10*LN(A4+2),0) | F4: =IF(AND(C4<>"",D4<>""),MAX(0,C4-D4)*2,0) | G4: 15 | H4: =IF(MOD(A4,10)=0,2,1) | I4: =E4*H4 | J4: =(E4+F4+G4)*H4 | K4: =I4 | L4: =J4
A5: 2 | B5: Current and Next | C5: 5 | D5: 3 | E5: =ROUND(10*LN(A5+2),0) | F5: =IF(AND(C5<>"",D5<>""),MAX(0,C5-D5)*2,0) | G5: 15 | H5: =IF(MOD(A5,10)=0,2,1) | I5: =E5*H5 | J5: =(E5+F5+G5)*H5 | K5: =K4+I5 | L5: =L4+J5
A6: 3 | B6: Every Cell Falls On Its Own | C6: 4 | D6: 2 | E6: =ROUND(10*LN(A6+2),0) | F6: =IF(AND(C6<>"",D6<>""),MAX(0,C6-D6)*2,0) | G6: 15 | H6: =IF(MOD(A6,10)=0,2,1) | I6: =E6*H6 | J6: =(E6+F6+G6)*H6 | K6: =K5+I6 | L6: =L5+J6
A7: 4 | B7: Same Face, Different Floor | C7: 5 | D7: 3 | E7: =ROUND(10*LN(A7+2),0) | F7: =IF(AND(C7<>"",D7<>""),MAX(0,C7-D7)*2,0) | G7: 15 | H7: =IF(MOD(A7,10)=0,2,1) | I7: =E7*H7 | J7: =(E7+F7+G7)*H7 | K7: =K6+I7 | L7: =L6+J7
A8: 5 | B8: Roof Opens the Floor | C8: 5 | D8: 3 | E8: =ROUND(10*LN(A8+2),0) | F8: =IF(AND(C8<>"",D8<>""),MAX(0,C8-D8)*2,0) | G8: 15 | H8: =IF(MOD(A8,10)=0,2,1) | I8: =E8*H8 | J8: =(E8+F8+G8)*H8 | K8: =K7+I8 | L8: =L7+J8
A9: 6 | B9: The Fourth Face | C9: 5 | D9: 3 | E9: =ROUND(10*LN(A9+2),0) | F9: =IF(AND(C9<>"",D9<>""),MAX(0,C9-D9)*2,0) | G9: 15 | H9: =IF(MOD(A9,10)=0,2,1) | I9: =E9*H9 | J9: =(E9+F9+G9)*H9 | K9: =K8+I9 | L9: =L8+J9
A10: 7 | B10: Pick The Target Face | C10: 5 | D10: 5 | E10: =ROUND(10*LN(A10+2),0) | F10: =IF(AND(C10<>"",D10<>""),MAX(0,C10-D10)*2,0) | G10: 15 | H10: =IF(MOD(A10,10)=0,2,1) | I10: =E10*H10 | J10: =(E10+F10+G10)*H10 | K10: =K9+I10 | L10: =L9+J10
A11: 8 | B11: One Triomino, Two Heights | C11: 4 | D11: 2 | E11: =ROUND(10*LN(A11+2),0) | F11: =IF(AND(C11<>"",D11<>""),MAX(0,C11-D11)*2,0) | G11: 15 | H11: =IF(MOD(A11,10)=0,2,1) | I11: =E11*H11 | J11: =(E11+F11+G11)*H11 | K11: =K10+I11 | L11: =L10+J11
A12: 9 | B12: Two Match Stations | C12: 4 | D12: 4 | E12: =ROUND(10*LN(A12+2),0) | F12: =IF(AND(C12<>"",D12<>""),MAX(0,C12-D12)*2,0) | G12: 15 | H12: =IF(MOD(A12,10)=0,2,1) | I12: =E12*H12 | J12: =(E12+F12+G12)*H12 | K12: =K11+I12 | L12: =L11+J12
A13: 10 | B13: Core Review | C13: 7 | D13: 5 | E13: =ROUND(10*LN(A13+2),0) | F13: =IF(AND(C13<>"",D13<>""),MAX(0,C13-D13)*2,0) | G13: 15 | H13: =IF(MOD(A13,10)=0,2,1) | I13: =E13*H13 | J13: =(E13+F13+G13)*H13 | K13: =K12+I13 | L13: =L12+J13
A14: 11 | B14: Break The First Seal | C14: 3 | D14: 2 | E14: =ROUND(10*LN(A14+2),0) | F14: =IF(AND(C14<>"",D14<>""),MAX(0,C14-D14)*2,0) | G14: 15 | H14: =IF(MOD(A14,10)=0,2,1) | I14: =E14*H14 | J14: =(E14+F14+G14)*H14 | K14: =K13+I14 | L14: =L13+J14
A15: 12 | B15: Two Different Faces | C15: 4 | D15: 3 | E15: =ROUND(10*LN(A15+2),0) | F15: =IF(AND(C15<>"",D15<>""),MAX(0,C15-D15)*2,0) | G15: 15 | H15: =IF(MOD(A15,10)=0,2,1) | I15: =E15*H15 | J15: =(E15+F15+G15)*H15 | K15: =K14+I15 | L15: =L14+J15
A16: 13 | B16: Use The Freed Cell | C16: 5 | D16: 5 | E16: =ROUND(10*LN(A16+2),0) | F16: =IF(AND(C16<>"",D16<>""),MAX(0,C16-D16)*2,0) | G16: 15 | H16: =IF(MOD(A16,10)=0,2,1) | I16: =E16*H16 | J16: =(E16+F16+G16)*H16 | K16: =K15+I16 | L16: =L15+J16
... A53: 50 | B53: Grand Finale | C53: 5 | D53: 5 | E53: =ROUND(10*LN(A53+2),0) | F53: =IF(AND(C53<>"",D53<>""),MAX(0,C53-D53)*2,0) | G53: 15 | H53: =IF(MOD(A53,10)=0,2,1) | I53: =E53*H53 | J53: =(E53+F53+G53)*H53 | K53: =K52+I53 | L53: =L52+J53

Sheet 2. Daily Quest (Nguồn)
A1: Mỗi ngày chọn CỐ ĐỊNH 3/6 dòng dưới (pickDailyQuests(), xác định theo ngày). Sửa cột vàng để thử cân bằng lại.
A3: ID | B3: Nhiệm vụ | C3: Mốc (target) | D3: Thưởng Xu | E3: Thưởng Đổi khối | F3: Thưởng Hint
A4: win1 | B4: Thắng 1 màn hôm nay | C4: 1 | D4: 20 | E4: 0 | F4: 0
A5: pairs6 | B5: Ghép đủ 6 cặp (cộng dồn trong ngày) | C5: 6 | D5: 20 | E5: 0 | F5: 0
A6: booster1 | B6: Dùng 1 lượt Đổi khối hoặc Hint | C6: 1 | D6: 0 | E6: 1 | F6: 1
A7: seal1 | B7: Phá 1 Phong Ấn | C7: 1 | D7: 25 | E7: 0 | F7: 0
A8: noboost1 | B8: Thắng 1 màn không dùng Booster | C8: 1 | D8: 30 | E8: 0 | F8: 0
A9: chain2 | B9: Tạo chuỗi dây chuyền ≥2 wave | C9: 1 | D9: 25 | E9: 0 | F9: 0
B11: Trung bình / 1 nhiệm vụ (6 dòng trên) | D11: =AVERAGE(D4:D9) | E11: =AVERAGE(E4:E9) | F11: =AVERAGE(F4:F9)
B12: Ước tính Xu/ngày (3 nhiệm vụ/ngày, claim hết) | D12: =D11*3
A14: Mốc thưởng THÊM khi hoàn thành nhiều nhiệm vụ trong 1 ngày (QUEST_MILESTONES) — tách biệt với thưởng riêng từng nhiệm vụ ở trên:
A15: Số nhiệm vụ xong | D15: Thưởng Xu | E15: Thưởng Đổi khối | F15: Thưởng Hint
A16: 1 | D16: 15 | E16: 0 | F16: 0
A17: 2 | D17: 25 | E17: 1 | F17: 0
A18: 3 | D18: 40 | E18: 1 | F18: 1
B19: Tổng nếu xong cả 3 nhiệm vụ trong ngày | D19: =SUM(D16:D18) | E19: =SUM(E16:E18) | F19: =SUM(F16:F18)

Sheet 3. Check-in 30 ngày (Nguồn)
A1: CỘNG DỒN, không phải streak mất trắng khi lỡ ngày (canClaimCheckin()/claimCheckin()). Mỗi ngày thắng ≥1 màn mở khoá đúng 1 ô kế tiếp. Sửa cột vàng để thử bảng thưởng khác.
A3: Ngày | B3: Thưởng Xu | C3: Thưởng Đổi khối | D3: Thưởng Hint | E3: Là mốc lớn? (10/20/30)
A4: 1 | B4: 10 | C4: 0 | D4: 0
A5: 2 | B5: 10 | C5: 0 | D5: 0
A6: 3 | B6: 10 | C6: 0 | D6: 0
A7: 4 | B7: 10 | C7: 0 | D7: 0
A8: 5 | B8: 10 | C8: 1 | D8: 0
A9: 6 | B9: 10 | C9: 0 | D9: 0
A10: 7 | B10: 10 | C10: 0 | D10: 0
A11: 8 | B11: 10 | C11: 0 | D11: 0
A12: 9 | B12: 10 | C12: 0 | D12: 0
A13: 10 | B13: 60 | C13: 3 | D13: 3 | E13: CÓ
A14: 11 | B14: 15 | C14: 0 | D14: 0
A15: 12 | B15: 15 | C15: 0 | D15: 0
A16: 13 | B16: 15 | C16: 0 | D16: 0
A17: 14 | B17: 15 | C17: 0 | D17: 0
A18: 15 | B18: 15 | C18: 1 | D18: 0
A19: 16 | B19: 15 | C19: 0 | D19: 0
A20: 17 | B20: 15 | C20: 0 | D20: 0
A21: 18 | B21: 15 | C21: 0 | D21: 0
A22: 19 | B22: 15 | C22: 0 | D22: 0
A23: 20 | B23: 100 | C23: 5 | D23: 5 | E23: CÓ
A24: 21 | B24: 20 | C24: 0 | D24: 0
A25: 22 | B25: 20 | C25: 0 | D25: 0
A26: 23 | B26: 20 | C26: 0 | D26: 0
A27: 24 | B27: 20 | C27: 0 | D27: 0
A28: 25 | B28: 20 | C28: 1 | D28: 0
A29: 26 | B29: 20 | C29: 0 | D29: 0
A30: 27 | B30: 20 | C30: 0 | D30: 0
A31: 28 | B31: 20 | C31: 0 | D31: 0
A32: 29 | B32: 20 | C32: 0 | D32: 0
A33: 30 | B33: 200 | C33: 8 | D33: 8 | E33: CÓ
A35: Tổng / 1 chu kỳ 30 ngày | B35: =SUM(B4:B33) | C35: =SUM(C4:C33) | D35: =SUM(D4:D33)
A36: Trung bình / ngày | B36: =AVERAGE(B4:B33)

Sheet 4. Shop (Sink)
A1: Toàn bộ nơi tiêu Xu hiện có (TILE_SKINS/BOARD_SKINS/BOOSTER_PACK_PRICE). Không có sink nào khác (không IAP, không ads-để-mua) tại thời điểm này.
A3: Bộ Quân Bài (Tile Skin) | B3: Giá (Xu)
A4: Ngà nguyên bản | B4: 0
A5: Ngọc bích | B5: 895
A6: Mực đen | B6: 1195
A7: Hổ phách | B7: 1490
A8: Thập Nhị Chi | B8: 1910
A9: Muông Thú | B9: 1670
A10: Tứ Quý Trái Cây | B10: 1550
A11: Bài Tây | B11: 1790
A12: Hoa Sen | B12: 1730
A13: Biển Cả | B13: 1610
A14: Trân Bảo | B14: 2265
A15: Tứ Thời | B15: 1850
A16: Tổng (không tính miễn phí) | B16: =SUMIF(B4:B15,">0")
A18: Bàn Cờ (Board Skin) | B18: Giá (Xu)
A19: Gỗ nguyên bản | B19: 0
A20: Tre trúc | B20: 1195
A21: Đá xanh | B21: 1790
A22: Ngọc Bích Hoàng Cung | B22: 1670
A23: Sơn Mài Đỏ | B23: 1550
A24: Giấy Hoa Tiên | B24: 1315
A25: Sứ Men Lam | B25: 1790
A26: Vườn Anh Đào | B26: 1550
A27: Điện Rồng Vàng | B27: 2150
A28: Ánh Trăng Đêm | B28: 1430
A29: Trà Quán | B29: 1195
A30: Tổng (không tính miễn phí) | B30: =SUMIF(B19:B29,">0")
A32: Booster Pack | B32: Giá trị
A33: Số lượt / gói (BOOSTER_PACK_SIZE) | B33: 5
A34: Giá / gói, Xu (BOOSTER_PACK_PRICE) | B34: 100
A35: Giá quy đổi / 1 lượt Booster | B35: =B34/B33
A37: TOÀN BỘ CATALOGUE (tile + board, không tính booster) | B37: =B16+B30

Sheet 5. Booster (tài nguyên riêng)
A1: Đổi khối/Hint là 1 kho lượt dùng chung, KHÔNG quy đổi thẳng ra Xu — liệt kê riêng vì đây cũng là 1 currency có nguồn/sink của nó.
A3: Nguồn / Sink | B3: Loại | C3: Đổi khối | D3: Hint | E3: Ghi chú
A4: Khởi tạo lần đầu chơi | B4: Nguồn (1 lần) | C4: 5 | D4: 5 | E4: getBoosterReroll()/getBoosterHint() default
A5: Quest "booster1" (nếu trúng ngày đó) | B5: Nguồn | C5: 1 | D5: 1 | E5: không claim mỗi ngày đều có, chỉ khi quest này được chọn
A6: Quest milestone (2 nhiệm vụ) | B6: Nguồn | C6: 1 | D6: 0
A7: Quest milestone (3 nhiệm vụ) | B7: Nguồn | C7: 1 | D7: 1
A8: Check-in mốc 5 ngày (5/15/25) | B8: Nguồn | C8: 1 | D8: 0 | E8: x3 lần / chu kỳ 30 ngày
A9: Check-in mốc 10 | B9: Nguồn | C9: 3 | D9: 3
A10: Check-in mốc 20 | B10: Nguồn | C10: 5 | D10: 5
A11: Check-in mốc 30 | B11: Nguồn | C11: 8 | D11: 8
A12: Mua ở Shop (BOOSTER_PACK) | B12: Nguồn (đổi từ Xu) | C12: 5 | D12: 5 | E12: 100 Xu / lần mua, có thể mua vô hạn
A13: Dùng Đổi khối trong màn | B13: Sink | C13: -1 | D13: 0 | E13: p24kUseReroll()
A14: Dùng Hint trong màn | B14: Sink | C14: 0 | D14: -1 | E14: p24kUseHint()
A16: Tổng free-inflow / 1 chu kỳ Check-in 30 ngày (không tính mua Shop, không tính quest "booster1" vì không trúng ngày nào cũng được) | C16: =C6+C7+3*C8+C9+C10+C11+C12 | D16: =D6+D7+3*D8+D9+D10+D11+D12 | E16: Mốc 5 ngày (5/15/25) nhân 3 vì lặp lại 3 lần/chu kỳ; các mốc 10/20/30 chỉ xảy ra 1 lần/chu kỳ

Sheet 6. Tổng hợp & Cân bằng
A1: Bảng tổng hợp — mọi ô công thức tham chiếu sang Sheet 1-5, đổi số ở các sheet đó thì bảng này tự cập nhật.
A3: Chỉ số | B3: Giá trị | C3: Ghi chú
A4: Tổng Xu từ 50 màn — WORST CASE | B4: ='1. Level Income (Nguồn)'!K53 | C4: Không thưởng lượt dư, không thưởng giữ nguyên booster
A5: Tổng Xu từ 50 màn — BEST CASE | B5: ='1. Level Income (Nguồn)'!L53 | C5: Tối ưu lượt đi + không dùng Booster
A6: Xu/ngày ước tính từ Daily Quest (3 nhiệm vụ, không tính mốc) | B6: ='2. Daily Quest (Nguồn)'!D12
A7: Xu/ngày trung bình từ Check-in | B7: ='3. Check-in 30 ngày (Nguồn)'!B36
A8: Xu/ngày tổng từ 2 hệ Daily (không tính mốc quest) | B8: =B6+B7
A9: Xu/ngày tổng NẾU luôn xong mốc quest 3/3 (giả định lạc quan) | B9: =B6+B7+'2. Daily Quest (Nguồn)'!D19 | C9: Giả định: ngày nào cũng xong cả 3 nhiệm vụ. Cột D ở dòng "Tổng nếu xong cả 3" = 15+25+40 = 80
A10: Giá skin rẻ nhất (Ngọc bích) | B10: ='4. Shop (Sink)'!B5
A11: Số ngày cần (chỉ dùng Daily, không tính Xu từ màn) để mua skin rẻ nhất | B11: =B10/B8
A12: Tổng giá TOÀN BỘ catalogue (tile+board) | B12: ='4. Shop (Sink)'!B37
A13: Số ngày CHỈ DÙNG DAILY để mua hết catalogue | B13: =B12/B8 | C13: ≈ 393 ngày theo số liệu hiện tại — xem đề xuất #2
A14: So sánh: Best-case 50 màn có đủ mua skin rẻ nhất không? | B14: =IF(B5>=B10,"ĐỦ","THIẾU")
A16: ĐỀ XUẤT PHƯƠNG PHÁP CÂN BẰNG
A17: 1. Neo lại mốc giá theo THU NHẬP KẾT HỢP (level + Daily), không chỉ level: comment gốc ở TILE_SKINS neo "895 Xu = tới màn 30 worst-case" nhưng KHÔNG tính Daily — thực tế người chơi engaged đạt 895 Xu trong ~11 ngày Daily, bất kể đang ở màn nào. Cần quyết định rõ: có chủ ý muốn "engagement thắng progress" không?
A18: 2. Daily hiện đóng góp quá lớn về dài hạn: 85.5 Xu/ngày × 365 ngày ≈ 31,200 Xu — gần bằng CẢ catalogue (33,590 Xu) chỉ từ đăng nhập hàng ngày, không cần chơi giỏi hay tiến xa. Nên thêm trần tuần/tháng cho Daily, hoặc chấp nhận đây là cơ chế retention có chủ đích (cần ghi rõ trong GDD, không để ngầm định).
A19: 3. Khoảng cách kỹ năng (skill gap) giữa Worst/Best case ở Level Income là 52% (1725 vs 2624 sau 50 màn) nhưng Daily lại CÀO BẰNG (không phụ thuộc kỹ năng, chỉ cần thắng 1 màn/ngày) — đây là điểm CÂN BẰNG TỐT nên giữ, không phải lỗi: Daily bù đắp cho người chơi không giỏi/không rảnh chơi nhiều màn/ngày.
A20: 4. Nguồn Booster miễn phí (Quest+Check-in) có thể vượt xa nhu cầu dùng thật: 1 chu kỳ Check-in 30 ngày cho ~19-22 Đổi khối/Hint miễn phí — nếu tốc độ TIÊU (mỗi màn khó thường dùng 0-2 lượt) thấp hơn tốc độ NHẬN, mục "Nâng Cấp" trong Shop (bán thêm Booster bằng Xu) có nguy cơ trở thành mục không ai cần mua. Cân nhắc: giảm booster free-inflow, HOẶC coi đây là mục phụ không quan trọng (không sao nếu Xu vẫn có chỗ tiêu ở tile/board skin).
A21: 5. Daily Quest hết hạn cứng mỗi ngày (không làm kịp 3 nhiệm vụ hôm đó là mất luôn phần thưởng ngày đó) — hơi lệch với triết lý "không phạt" đã thấy ở Check-in (cộng dồn, không mất khi lỡ ngày) và ở thiết kế độ khó (level cho thắng sớm/chơi filler). Cân nhắc đổi Quest sang dạng "quỹ tuần" (vd 15 nhiệm vụ/tuần, làm ngày nào cũng được) để đồng nhất triết lý.
A22: 6. Mốc "chia hết cho 10" đang dùng NHẤT QUÁN cho cả 3 hệ (Chapter-finale x2 ở màn 10/20/30/40/50, mốc quà lớn Check-in ở ngày 10/20/30) — đây là điểm mạnh, tạo cảm giác "10 = cột mốc" xuyên suốt game. Nên GIỮ khi cân bằng lại số, đừng đổi mốc lệch nhau giữa 3 hệ.
